File_name,ram_percent,ram,flash,Code,RO_data,RW_data,ZI_data
startup_gd32f450_470.o,54.069038%,8192,464,36,428,0,8192
bl_core.o,27.060921%,4100,4074,3954,120,0,4100
mcu_cmic_gd32f470vet6.o,16.922976%,2564,840,838,0,2,2562
usart_app.o,1.709458%,259,164,164,0,0,259
oled.o,0.151805%,23,3767,1672,2072,23,0
gd32f4xx_it.o,0.033001%,5,312,312,0,0,5
systick.o,0.026401%,4,142,142,0,0,4
system_gd32f4xx.o,0.026401%,4,588,584,0,4,0
